id;description
83ef27a5-24fd-4100-a9d3-f576c83fd67f;../fake-data/blob/hipster.txt
e46f4ede-1add-4f6e-829f-2cd1211843e6;../fake-data/blob/hipster.txt
4ae48396-89b1-49ce-be01-7621e15b649c;../fake-data/blob/hipster.txt
b6c17299-df1f-4f29-957a-d7345a855455;../fake-data/blob/hipster.txt
ef55d04e-423a-4afe-bca3-b00cf9831614;../fake-data/blob/hipster.txt
f7c44008-31d8-434b-90e8-d2c0ed314647;../fake-data/blob/hipster.txt
4d4d8382-1d3a-4854-9490-c1478b247c00;../fake-data/blob/hipster.txt
1ba8f6d5-d57d-41fd-b154-849afccf99cc;../fake-data/blob/hipster.txt
1ca76041-6d99-4484-9979-5abfddeb4716;../fake-data/blob/hipster.txt
115aeff9-5eab-4649-954f-04cb5f9970f3;../fake-data/blob/hipster.txt
